userid,username,password,firstname,lastname,taxid,addid
1,user2,SecureP@$$2,Bob,Johnson,NULL,NULL
2,user3,Str0ngPass3,Charlie,Williams,NULL,NULL
3,user4,MyP@$$wOrd4,David,Brown,NULL,NULL
4,user5,SafeP@$$5,Eve,Davis,NULL,NULL
5,user6,P@$$wOrd6!,Frank,Miller,NULL,NULL
6,user7,SecureP@$$7!,Grace,Wilson,NULL,NULL
7,user8,Str0ngPass8!,Henry,Moore,NULL,NULL
8,user9,MyP@$$wOrd9!,Ivy,Taylor,NULL,NULL
9,user10,SafeP@$$10!,Jack,Anderson,NULL,NULL
10,user11,P@$$wOrd11#,Karen,Thomas,NULL,NULL
11,user12,SecureP@$$12#,Liam,Jackson,NULL,NULL
12,user13,Str0ngPass13#,Mia,White,NULL,NULL
13,user14,MyP@$$wOrd14#,Noah,Harris,NULL,NULL
14,user15,SafeP@$$15#,Olivia,Martin,NULL,NULL
15,user16,P@$$wOrd16$,Peter,Thompson,NULL,NULL
16,user17,SecureP@$$17$,Quinn,Garcia,NULL,NULL
17,user18,Str0ngPass18$,Ryan,Martinez,NULL,NULL
18,user19,MyP@$$wOrd19$,Sophia,Robinson,NULL,NULL
19,user20,SafeP@$$20$,Thomas,Clark,NULL,NULL
20,user21,P@$$wOrd21%,Uma,Rodriguez,NULL,NULL
21,user22,SecureP@$$22%,Victor,Lewis,NULL,NULL
22,user23,Str0ngPass23%,Wendy,Lee,NULL,NULL
23,user24,MyP@$$wOrd24%,Xavier,Walker,NULL,NULL
24,user25,SafeP@$$25%,Yara,Hall,NULL,NULL
25,user26,P@$$wOrd26^,Zachary,Allen,NULL,NULL
26,user27,SecureP@$$27^,Abigail,Young,NULL,NULL
27,user28,Str0ngPass28^,Benjamin,Hernandez,NULL,NULL
28,user29,MyP@$$wOrd29^,Caleb,King,NULL,NULL
29,user30,SafeP@$$30^,Danielle,Wright,NULL,NULL
30,user31,P@$$wOrd31&,Ethan,Lopez,NULL,NULL
31,user32,SecureP@$$32&,Faith,Hill,NULL,NULL
32,user33,Str0ngPass33&,Gabriel,Scott,NULL,NULL
33,user34,MyP@$$wOrd34&,Hannah,Green,NULL,NULL
34,user35,SafeP@$$35&,Isaac,Baker,NULL,NULL
35,user36,P@$$wOrd36*,Jasmine,Gonzalez,NULL,NULL
36,user37,SecureP@$$37*,Kyle,Nelson,NULL,NULL
37,user38,Str0ngPass38*,Lauren,Carter,NULL,NULL
38,user39,MyP@$$wOrd39*,Mason,Mitchell,NULL,NULL
39,user40,SafeP@$$40*,Natalie,Perez,NULL,NULL
40,user41,P@$$wOrd41(,Owen,Roberts,NULL,NULL
41,user42,SecureP@$$42(,Penelope,Turner,NULL,NULL
42,user43,Str0ngPass43(,Quentin,Phillips,NULL,NULL
43,user44,MyP@$$wOrd44(,Riley,Campbell,NULL,NULL
44,user45,SafeP@$$45(,Samuel,Parker,NULL,NULL
45,user46,P@$$wOrd46),Trinity,Evans,NULL,NULL
46,user47,SecureP@$$47),Ulysses,Collins,NULL,NULL
47,user48,Str0ngPass48),Violet,Edwards,NULL,NULL
48,user49,MyP@$$wOrd49),Wyatt,Stewart,NULL,NULL
49,user50,SafeP@$$50),Xena,Morris,NULL,NULL
50,user51,P@$$wOrd51-,Yvonne,Bailey,NULL,NULL
51,user52,SecureP@$$52-,Zane,Reed,NULL,NULL
52,user53,Str0ngPass53-,Aria,Murphy,NULL,NULL
53,user54,MyP@$$wOrd54-,Blake,Cook,NULL,NULL
54,user55,SafeP@$$55-,Chloe,Bell,NULL,NULL
55,user56,P@$$wOrd56+,Dylan,Howard,NULL,NULL
56,user57,SecureP@$$57+,Eleanor,Ward,NULL,NULL
57,user58,Str0ngPass58+,Finn,Peterson,NULL,NULL
58,user59,MyP@$$wOrd59+,Georgia,Gray,NULL,NULL
59,user60,SafeP@$$60+,Hudson,James,NULL,NULL
